{
    "admin_menu_manage_social_api_keys": "Manage Social API Keys",
    "module_socialbridge": "Social Bridge - Manage Social API Keys",
    "update_successfully": "Update Successfully",
    "manage_social_api_keys": "Manage Social API Keys",
    "error": "Error",
    "view": "View",
    "hide": "Hide",
    "tutorial_how_to_get_facebook_api_key": "tutorial \"How to get Facebook Api Key\"",
    "to_get_your_facebook_api_id": "<li>To get your <strong>\"Facebook API ID\"<\/strong> and <strong>\"Facebook App Secret\"<\/strong> strings, go to the following URL:\r\n    \t\t\t\t<div class=\"p_4\"><a href=\"http:\/\/developers.facebook.com\/setup\/\" target=\"_blank\">Make application<\/a><\/div>\r\n    \t\t\t<\/li>",
    "for_site_url_you_should_use_this_url": "For \"Site URL\" you should use this URL:",
    "do_follow_facebook_steps_to_complete_create_new_application": "Do follow Facebook steps to complete create new application.",
    "tutorial_how_to_get_twitter_api_key": "tutorial \"How to get Twitter Api Key\"",
    "to_get_your_twitter_api": "<li>To get your <strong>\"Twitter Consumer Key\"<\/strong> and <strong>\"Twitter Consumer Secret\"<\/strong> strings, go to the following URL:\r\n    \t\t\t\t<div class=\"p_4\"><a href=\"https:\/\/dev.twitter.com\/apps\" target=\"_blank\">Make application<\/a><\/div>\r\n    \t\t\t<\/li>\r\n    \t\t\t<li>\r\n    \t\t\t\tClick to \"Create new application\" button.\r\n    \t\t\t<\/li>",
    "for_website_you_should_use_this_url": "For \"WebSite\" you should use this URL:",
    "for_callback_url_must_use": "For \"Callback URL\" must use:",
    "do_follow_twitter_steps_to_complete_create_new_application": "<li>Do follow Twitter steps to complete create new application.<\/li>\r\n    \t\t\t<li>Go to tab \"Settings\" of your application.<\/li>\r\n    \t\t\t<li>Change \"Access level\" to <strong>\"Read and write\"<\/strong><\/li>",
    "tutorial_how_to_get_linkedin_api_key": "tutorial \"How to get Linkedin Api Key\"",
    "to_get_your_linkedin_api_key": "<li>To get your <strong>\"Linkedin API Key\"<\/strong> and <strong>\"Linkedin Secret Key\"<\/strong> strings, go to the following URL:\r\n    \t\t\t\t<div class=\"p_4\"><a href=\"https:\/\/www.linkedin.com\/secure\/developer?newapp=\" target=\"_blank\">Make application<\/a><\/div>\r\n    \t\t\t<\/li>",
    "do_follow_linkedin_steps_to_complete_create_new_application": "<li>\r\n    \t\t\t\t<div class=\"p_4\">For \"Application Type\" you should use this URL: <strong>Web Application<\/strong><\/div>\r\n    \t\t\t\t<div class=\"p_4\">For \"Live Status\" should be: <strong style=\"color:red;\">Live<\/strong><\/div>\r\n    \t\t\t\t\r\n    \t\t\t<\/li>\r\n    \t\t\t<li>Do follow Linkedin steps to complete create new application.<\/li>",
    "setting": "Settings",
    "facebook_secret": "Facebook Secret",
    "application_id": "Application ID",
    "enable_facebook_connect": "Enable Facebook Connect:",
    "consumer_key": "Consumer Key",
    "consumer_secret": "Consumer Secret",
    "enable_twitter_connect": "Enable Twitter Connect:",
    "api_key": "API Key",
    "secret_key": "Secret Key",
    "enable_linkedin_connect": "Enable Linkedin Connect",
    "migrate_settings": "Migrate Settings",
    "migrate": "Migrate",
    "to_upgrade_new_settings_from_social_connect_or_social_publishers_settings_please_click_to_migrate": "To upgrade new settings from Social Connect or Social Publishers Settings, please click to \"migrate\" button .",
    "migrate_from": "Migrate from",
    "social_connect": "Social Connect",
    "social_publishers": "Social Publishers",
    "if_both_social_connect_and_social_publlishers_settings_are_configured_after_upgrading_the_new_se": "If both Social Connect and Social Publlishers' settings  are configured, after upgrading, the new settings would be Social Connect settings only",
    "no_selected_migrate_options": "No selected Migrate Options",
    "for_twitter_api_settings_strong_must_change_callback_url_to_strong": "For Twitter API Settings: <strong>must change CallBack URL to: <\/strong>",
    "go_to_the_following_url_select_your_app_and_edit": "Go to the following URL, select your app and edit: <div class=\"p_4\">\r\n<a href=\"http:\/\/developers.facebook.com\/apps\/\" target=\"_blank\">Edit application<\/a>\r\n<\/div>",
    "social_bridge_settings": "Social Bridge Settings",
    "connected_as": "Connected as",
    "are_you_sure_you_want_to_disconnect_this_account": "Are you sure you want to disconnect this account?",
    "click_here": "Click here",
    "to": "to",
    "disconnect": "disconnect",
    "connect": "connect",
    "view_your_settings": "View your settings",
    "update_unsuccessful": "Update Unsuccessfully",
    "supported_modules": "Supported modules",
    "menu_socialbridge_manage_social_accounts_a4d91de34ac868ffc9869b826f2e135f": "Manage Social Accounts",
    "there_are_no_social_providers_were_enable_please_contact_to_admin_site_to_get_more_information": "There are no social providers were enable. Please contact to admin site to get more information.",
    "connections": "Connections",
    "you_are_not_connected_to_any_providers": "You are not connected to any providers.",
    "none": "None",
    "manage_social_accounts": "Manage Social Accounts",
    "for_website_url_you_should_use_this_url": "For \"Website URL:\" you should use this URL:",
    "for_live_status_should_be_live": "For \"Live Status\" should be: <strong style=\"color:red;\">Live<\/strong>",
    "do_follow_linkedin_steps_to_complete_create_new_application2": "Do follow Linkedin steps to complete create new application",
    "picture_show_on_facebook": "Default Picture show on Facebook.",
    "for_website_url_you_should_use_this_url_2": "For \"Website URL:\" you should use this URL:",
    "for_application_use_should_be_strong_style_color_red_social_aggregation_strong": "For \"Application Use\" should be: <strong style=\"color:red;\">Social Aggregation<\/strong>",
    "please_enter_your_api": "Please enter your API.",
    "please_enter_your_linkedin_api": "Please enter your Linkedin API.",
    "redirect_loop_msg": "There are some problems when connecting to this account. Please try to connect again.",
    "maximum_invite_per_day": "Maximum Allowed Invitations Per Day",
    "description_facebook_maximum_invite_per_day": "The maximum number of messages will be sent per day for 1 account (Enter a number between 1 and 20)",
    "viewmore_facebook_maximum_invite_per_day": "More Info: <a href=\"http:\/\/developers.facebook.com\/docs\/chat\/\" target=\"_blank\">Facebook Chat API<\/a>",
    "description_twtitter_maximum_invite_per_day": "The maximum number of messages will be sent per day for 1 account (Enter a number between 1 and 250)",
    "viewmore_twtitter_maximum_invite_per_day": "More Info: <a href=\"https:\/\/support.twitter.com\/articles\/15364-about-twitter-limits-update-api-dm-and-following\" target=\"_blank\">About Twitter Limits<\/a>",
    "description_linkedin_maximum_invite_per_day": "The maximum number of messages will be sent per day for 1 account (Enter a number between 1 and 10)",
    "viewmore_linkedin_maximum_invite_per_day": "More Info: <a href=\"http:\/\/developer.linkedin.com\/documents\/throttle-limits\" target=\"_blank\">Throttle Limits<\/a>",
    "fill_max_invite_for_facebook": "The maximum number of messages be sent per day for 1 account on Facebook is a number between 1 and 20.",
    "fill_max_invite_for_linkedin": "The maximum number of messages be sent per day for 1 account on LinkedIn is a number between 1 and 10.",
    "fill_max_invite_for_twitter": "The maximum number of messages be sent per day for 1 account on Twitter is a number between 1 and 250.",
    "max_invite_is_numberic": "Maximum allowed invitations is a numerical value.",
    "in_authentication_section_find_authorized_redirect_urls_and_add_link": "In \"Authentication\" section, find \"Authorized Redirect URLs\" and add link",
    "add_oauth_redirect_uri" : "In product section which is on the left, you need to set up Facebook login. It is very important for you to find \"OAuth Redirect URI\" and add link: {link}."
}