{
  "total_photos": "Total Photos",
  "name_in": "Name in",
  "delete_category": "Delete Category",
  "edit_category": "Edit Category",
  "select_an_action_to_all_photos_of_this_category": "Select an action to all photos of this category.",
  "remove_all_photos_belonging_to_this_category": "Remove all photos belonging to this category.",
  "only_remove_category_keep_all_photos_existing": "Only remove category, keep all photos existing.",
  "select_another_category_for_all_photos_belonging_to_this_category": "Select another category for all photos belonging to this category.",
  "are_you_sure_you_want_to_delete_this_category": "Are you sure you want to delete this category?",
  "all_sub_categories_of_this_category_will_be_the_root": "All sub categories of this category will be the root.",
  "sub_categories": "Sub-Categories",
  "cover_photo_successfully_updated": "Cover photo successfully updated.",
  "timeline_photos": "Timeline Photos",
  "user_timeline_photos": "{full_name}'s Timeline Photos",
  "successfully_created_a_new_category": "Successfully created a new category.",
  "successfully_updated_a_new_category": "Successfully updated the category.",
  "photo_s_category": "Photo(s) Category",
  "apply_the_selected_categories_for_these_photo_s": "Apply the selected categories for these photo(s).",
  "are_you_sure_you_want_to_delete_this_photo_permanently": "Are you sure you want to delete this photo permanently?",
  "are_you_sure_you_want_to_delete_this_album_permanently": "Are you sure you want to delete this album permanently?",
  "are_you_sure_you_want_to_delete_this_photo_permanently_this_will_delete_your_current_profile_picture_also": "Are you sure you want to delete this photo permanently? This will delete your current profile picture also.",
  "are_you_sure_you_want_to_delete_this_photo_permanently_this_will_delete_your_current_cover_photo_also": "Are you sure you want to delete this photo permanently? This will delete your current cover photo also.",
  "select_photo_s": "Select Photo(s)",
  "share_photos": "Share Photos",
  "update_cover_photos": "Update Cover Photos",
  "delete_this_album": "Delete This Album",
  "photo_is_pending_approval": "Photo is pending approval.",
  "edit_photos": "Edit photos",
  "Categories": "",
  "New Category": "",
  "Featured Photos Limit": "",
  "Define the limit of how many featured photos can be displayed when viewing the photo section. Set 0 will hide this block": "",
  "Sponsored Photos Limit": "",
  "Define the limit of how many sponsored photos can be displayed when viewing the photo section. Set 0 will hide this block": "",
  "sponsored_photos": "Sponsored Photos",
  "featured_photos": "Featured Photos",
  "Sponsored Photos Cache Time": "",
  "Define how long we should keep the cache for the <b>Sponsored Photos</b> by minutes. 0 means we do not cache data for this block.": "",
  "Featured Photos Cache Time": "",
  "Define how long we should keep the cache for the <b>Featured Photos</b> by minutes. 0 means we do not cache data for this block.": "",
  "select_an_action_to_apply_for_all_photos_as_well_as_sub_categories_belonging_to_this_category": "Select an action to apply for all photos as well as sub categories belonging to this category",
  "remove_all_photos_and_sub_categories_belonging_to_this_category": "Remove all photos and sub-categories belonging to this category",
  "select_another_category_to_move_all_photos_and_sub_categories_belonging_to_this_category": "Select another category to move all photos and sub-categories belonging to this category.",
  "download_this_photo": "Download this photo",
  "purchase_photo_sponsor_completed": "Your purchase to sponsor your photo has just been made successfully.",
  "purchase_photo_sponsor_pending_approval": "Your purchase to sponsor your photo has just been made successfully however it is pending an Admins approval.",
  "photo_s_successfully_featured": "Photo(s) successfully featured",
  "photo_s_successfully_unfeatured": "Photo(s) successfully un-featured",
  "added_new_photo_album_link_name": "added new photo album \"<a href=\"{link}\">{name}</a>\"",
  "photo_albums": "Photo Albums",
  "Photos": "",
  "user_name_tagged_you_in_a_photo_post": "{user_name} tagged you in a photo post.",
  "user_name_tagged_you_in_a_photo_post_check_it_out": "{user_name} tagged you in a photo post. <a href=\"{link}\">Check it out<\/a>.",
  "click_button_to_browse_files_or_drag_and_drop_photos_here": "Click button to browse files or drag and drop photos here",
  "the_file_size_limit_is_size_kb": "The file size limit is {size} kb",
  "allowed_file_types_jpg_gif_or_png": "Allowed file types: JPG, GIF or PNG",
  "sharing_total_photo_s_successfully": "Sharing {total} photo(s) successfully.",
  "no_photos_have_been_uploaded_successfully": "No photos have been uploaded successfully",
  "create_new_album": "Create new album",
  "unknown_upload_error": "Unknown upload error",
  "view_lowercase": "view",
  "views_lowercase": "views",
  "drag_n_drop_multi_photos_here_to_upload": "Drag & drop multi photos here to upload",
  "make_profile_picture": "Make Profile Picture",
  "make_cover_photo": "Make Cover Photo",
  "In This Album Limit": "",
  "Define the limit of how many tagged users can be displayed when viewing the album detail section. Set 0 will hide this block": "",
  "you_do_not_have_sufficient_permission_to_delete_this_photo": "You do not have sufficient permission to delete this photo.",
  "you_do_not_have_sufficient_permission_to_delete_this_photo_album": "You do not have sufficient permission to delete this photo album.",
  "by__u": "By",
  "photo_album_default_photo": "Photo Album Default Photo",
  "cannot_find_the_uploaded_file_please_try_again": "Cannot find the uploaded file. Please try again.",
  "you_can_not_share_photos_because": "You can not share photos because:",
  "\"Activity points\" must be greater than or equal to 0": "",
  "\"Max images per upload\" must be greater than 0": "",
  "\"Max number of albums\" must be greater than or equal to 0": "",
  "\"Photo mature age limit\" must be greater than 0": "",
  "\"How many times can a user tag their own photo?\" must be greater than or equal to 0": "",
  "\"How many times can a user tag photos added by other users?\" must be greater than or equal to 0": "",
  "\"Max file size for photos upload\" must be greater than or equal to 0": "",
  "\"Max image width keeps in server\" must be greater than 0": "",
  "\"Sponsored Photos Limit\" must be greater than or equal to 0": "",
  "\"Featured Photos Limit\" must be greater than or equal to 0": "",
  "\"In This Album Limit\" must be greater than or equal to 0": "",
  "Recent Photos Limit": "",
  "Define the limit of how many recent photos can be displayed when viewing user profile. Set 0 will hide this block": "",
  "\"Recent Photos Limit\" must be greater than or equal to 0": "",
  "you_have_total_pending_photos": "You have {total} pending photos",
  "\"Sponsor photo price\" must be greater than or equal to 0": "",
  "Each value of \"Define how many images a user can view at once when browsing the public photo section\" must be greater than 0": "",
  "upload_failed_please_remove_all_error_files_and_try_again": "Upload failed! Please remove all error files first and try again",
  "with_a_link_and_a_link": "with <span class=\"user_profile_link_span\" id=\"js_user_name_link_{link_name_1}\"><a href=\"{link_1}\">{link_title_1}</a></span> and <span class=\"user_profile_link_span\" id=\"js_user_name_link_{link_name_2}\"><a href=\"{link_2}\">{link_title_2}</a></span>",
  "with_a_link": "with <span class=\"user_profile_link_span\" id=\"js_user_name_link_{link_name}\"><a href=\"{link}\">{link_title}</a></span>",
  "view_all_total": "View All ({total})",
  "rotate_left": "Rotate Left",
  "rotate_right": "Rotate Right",
  "file_size": "File Size",
  "dimension": "Dimension",
  "undo_delete": "Undo Delete",
  "photo_title": "Photo Title",
  "photo_name": "Photo \"{name}\"",
  "topics_separate_multiple_topics_with_commas": "Topics, separate multiple topics with commas.",
  "Title": "",
  "controller_photo.album": "Photo Album",
  "controller_photo.index": "Photo Home Page",
  "controller_photo.view": "Photo Detail",
  "controller_photo.albums": "Photo Albums",
  "controller_photo.profile": "Photo Profile",
  "controller_photo.add": "Photo Add",
  "casual_view": "Casual view",
  "grid_view": "Grid view",
  "photo_album_sponsor": "Sponsor this album",
  "photo_album_feature": "Feature",
  "photo_album_unfeature": "Unfeature",
  "photo_album_unsponsor": "Unsponsor this album",
  "photo_album_feature_successfully": "Album featured successfully",
  "photo_album_unfeature_successfully": "Album unfeatured successfully",
  "photo_album_sponsor_successfully": "Album sponsored successfully",
  "photo_album_unsponsor_successfully": "Album unsponsored successfully",
  "photo_album_featured_block_title": "Featured Albums",
  "photo_album_sponsored_block_title": "Sponsored Albums",
  "photo_album_sponsor_title": "Photo album: {sAlbumTitle}",
  "a_z": "A-Z",
  "z_a": "Z-A",
  "full_name_post_some_images_on_your_wall": "{full_name} posted some images on your wall.",
  "full_name_post_some_images_on_your_wall_message": "<b>{full_name}</b> posted some images on your <a href=\"{link}\">wall<\/a>.\r\nTo see the image, follow the link below:\r\n<a href=\"{link}\">{link}<\/a>",
  "in_album": "In Album",
  "who_can_view_photos_on_your_profile_page": "Who can view photos on your profile page?",
  "set_as_group_s_cover_photo": "Set as Group's Cover Photo"
}