<product>
	<data>
		<store_id />
		<product_id>forumsystem</product_id>
		<is_core>0</is_core>
		<title>Forum System</title>
		<description>Show all your forums, threads and posts in a collapsed way</description>
		<version>4.7</version>
		<latest_version></latest_version>
		<last_check>0</last_check>
		<is_active>1</is_active>
		<url>https://store.phpfox.com/techie/u/cespiritual</url>
		<url_version_check></url_version_check>
		<icon>https://d2h79mkp7etn4r.cloudfront.net/icon/2016/02/9773c9be0856636ca618884f289f98b1.png</icon>
		<vendor>cespiritual</vendor>
	</data>
	<installs>
		<install>
			<version>3.08</version>
			<install_code><![CDATA[$this->database()->query("
CREATE TABLE IF NOT EXISTS `" . Phpfox::getT('forum_thank') . "` (
  `thank_id` int(10) unsigned NOT NULL auto_increment,
  `post_id` int(10) unsigned NOT NULL,
  `user_id` int(10) unsigned NOT NULL,
  `time_stamp` int(10) unsigned NOT NULL,
  PRIMARY KEY  (`thank_id`)
);");]]></install_code>
			<uninstall_code></uninstall_code>
		</install>
	</installs>
	<modules>
		<module_id>forumsystem</module_id>
	</modules>
</product>