<product>
	<data>
		<store_id />
		<product_id>profilebadge</product_id>
		<is_core>0</is_core>
		<title>Profile Badge</title>
		<description>Allow your members to copy/past their profile badge into their sites or blogs, promoting your network</description>
		<version>4.7</version>
		<latest_version></latest_version>
		<last_check>0</last_check>
		<is_active>1</is_active>
		<url>https://store.phpfox.com/techie/u/cespiritual</url>
		<url_version_check></url_version_check>
		<icon>https://d2h79mkp7etn4r.cloudfront.net/icon/2016/02/495af8f60f6f280cb947d76dc8a291a4.png</icon>
		<vendor>cespiritual</vendor>
	</data>
	<modules>
		<module_id>profilebadge</module_id>
	</modules>
</product>