{
    "module_forumsystem": "Forum System",
    "setting_group_forum_system": "<title>Forum System<\/title><info>Settings for the Forum System mod<\/info>",
    "setting_icon": "<title>Icon Color<\/title><info>Select the color for the forum icon:blue, green, red, violet<\/info>",
    "setting_showthreads": "<title>Show\/Hide Threads<\/title><info>This option will allow you to show a collapsed window with the Threads.<\/info>",
    "setting_threads_number": "<title>Number of Threads<\/title><info>Select the number of threads to show<\/info>",
    "setting_posts_number": "<title>Number of Posts<\/title><info>Select the number of posts to show<\/info>",
    "setting_forums_number": "<title>Number of Forums<\/title><info>Select the number of forums to show<\/info>",
    "forums": "Forums",
    "threads": "Threads",
    "posts": "Posts",
    "new_thread": "New Thread",
    "show_hide_thread": "Show\/Hide Threads",
    "by": "by",
    "posted_on": "Posted on",
    "views": "Views",
    "reply": "Reply",
    "show_posts": "Show\/Hide Posts",
    "admin_menu_forum_system": "Forum System",
    "setting_newposts": "<title>Show new Posts Tag<\/title><info>Select this option to give notice of the new posts<\/info>",
    "setting_show_categories": "<title>Show Category Forums<\/title><info>Select this option to show a combobox with the category forums<\/info>",
    "all": "All",
    "select": "Select",
    "setting_showpost": "<title>Show\/Hide Posts<\/title><info>This option will allow you to show a collapsed window with the Posts.<\/info>",
    "setting_showposts": "<title>Show\/Hide Posts<\/title><info>This option will allow you to show a collapsed window with the Posts.<\/info>",
    "mark_read": "Mark as Read",
    "setting_tag_color": "<title>New Posts Tag Color<\/title><info>Select the color for the \"new posts\" tag.\r\n\r\nYou can type the name of the color (ex: red, yellow, blue, darkblue...) or you can type the RGB code of the color (ex:#ffee00)<\/info>",
    "setting_char": "<title>Number of Chars in Posts<\/title><info>Select the number of characters to show in posts.\r\n\r\nSelect 0 to show all characters.\r\n<\/info>",
    "setting_attach": "<title>Show Attach Files<\/title><info>This option will allow you to show the attach files on posts.<\/info>",
    "my_groups": "My Pages",
    "subscribed_groups": "Subscribed Pages",
    "thank_you": "Thank You!",
    "quote_reply": "Quote this reply",
    "setting_thank": "<title>Show Thanks<\/title><info>Select this option to show the Thank button and the list of members that have thanked the post.<\/info>",
    "group_forums": "Pages Forums",
    "setting_group_number": "<title>Number of Pages<\/title><info>Select the number of pages to show<\/info>",
    "thanks": "The following users say <b>Thank You<\/b> for this useful post:",
    "thank_remove": "Remove Thanks",
    "total_members": "Members",
    "like": "Likes",
    "readmore": "[read more]"
}