<module>
	<data>
		<module_id>ynresphoenix</module_id>
		<product_id>younet_ynresphoenix4</product_id>
		<is_core>0</is_core>
		<is_active>1</is_active>
		<is_menu>1</is_menu>
		<menu><![CDATA[a:7:{s:36:"ynresphoenix.admin_menu_manage_pages";a:1:{s:3:"url";a:1:{i:0;s:12:"ynresphoenix";}}s:32:"ynresphoenix.admin_menu_homepage";a:1:{s:3:"url";a:2:{i:0;s:12:"ynresphoenix";i:1;s:8:"homepage";}}s:35:"ynresphoenix.admin_menu_member_page";a:1:{s:3:"url";a:3:{i:0;s:12:"ynresphoenix";i:1;s:6:"manage";i:2;s:6:"member";}}s:36:"ynresphoenix.admin_menu_product_page";a:1:{s:3:"url";a:3:{i:0;s:12:"ynresphoenix";i:1;s:6:"manage";i:2;s:7:"product";}}s:40:"ynresphoenix.admin_menu_testimonial_page";a:1:{s:3:"url";a:3:{i:0;s:12:"ynresphoenix";i:1;s:6:"manage";i:2;s:11:"testimonial";}}s:42:"ynresphoenix.admin_menu_photo_gallery_page";a:1:{s:3:"url";a:3:{i:0;s:12:"ynresphoenix";i:1;s:6:"manage";i:2;s:5:"photo";}}s:36:"ynresphoenix.admin_menu_contact_page";a:1:{s:3:"url";a:3:{i:0;s:12:"ynresphoenix";i:1;s:6:"manage";i:2;s:7:"contact";}}}]]></menu>
		<phrase_var_name>module_ynresphoenix</phrase_var_name>
		<version>4.02</version>
		<author>YouNetCo</author>
		<vendor>https://phpfox.younetco.com/</vendor>
		<description>by YouNetCo</description>
		<apps_icon>https://static.younetco.com/ynicons/fox4/phoenix_template.png</apps_icon>
	</data>
	<menus>
		<menu module_id="ynresphoenix" parent_var_name="" m_connection="main" var_name="menu_ynresphoenix_dashboard_3ed72c76938355471fa6e9ca6f3e8296" ordering="1" url_value="ynresphoenix.dashboard" version_id="4.4.0" disallow_access="" module="ynresphoenix" mobile_icon="dashboard" />
	</menus>
	<settings>
		<setting group="" module_id="ynresphoenix" is_hidden="0" type="boolean" var_name="enable_fix_menu" phrase_var_name="setting_enable_fix_menu" ordering="1" version_id="3.9.0">1</setting>
	</settings>
	<blocks>
		<block type_id="0" m_connection="ynresphoenix.landing" module_id="ynresphoenix" component="home" location="6" is_active="1" ordering="1" disallow_access="" can_move="0">
			<title>Home</title>
			<source_code />
			<source_parsed />
		</block>
		<block type_id="0" m_connection="ynresphoenix.landing" module_id="ynresphoenix" component="member" location="6" is_active="1" ordering="2" disallow_access="" can_move="0">
			<title>Team Members</title>
			<source_code />
			<source_parsed />
		</block>
		<block type_id="0" m_connection="ynresphoenix.landing" module_id="ynresphoenix" component="testimonial" location="6" is_active="1" ordering="4" disallow_access="" can_move="0">
			<title>Testimonial</title>
			<source_code />
			<source_parsed />
		</block>
		<block type_id="0" m_connection="ynresphoenix.landing" module_id="ynresphoenix" component="product" location="6" is_active="1" ordering="3" disallow_access="" can_move="0">
			<title>Featured Products</title>
			<source_code />
			<source_parsed />
		</block>
		<block type_id="0" m_connection="ynresphoenix.landing" module_id="ynresphoenix" component="photo" location="6" is_active="1" ordering="5" disallow_access="" can_move="0">
			<title>Photo Gallery</title>
			<source_code />
			<source_parsed />
		</block>
		<block type_id="0" m_connection="ynresphoenix.landing" module_id="ynresphoenix" component="contact" location="6" is_active="1" ordering="6" disallow_access="" can_move="0">
			<title>Contact Us</title>
			<source_code />
			<source_parsed />
		</block>
	</blocks>
	<components>
		<component module_id="ynresphoenix" component="landing" m_connection="ynresphoenix.landing" module="ynresphoenix" is_controller="1" is_block="0" is_active="1" />
		<component module_id="ynresphoenix" component="contact" m_connection="" module="ynresphoenix" is_controller="0" is_block="1" is_active="1" />
		<component module_id="ynresphoenix" component="home" m_connection="" module="ynresphoenix" is_controller="0" is_block="1" is_active="1" />
		<component module_id="ynresphoenix" component="member" m_connection="" module="ynresphoenix" is_controller="0" is_block="1" is_active="1" />
		<component module_id="ynresphoenix" component="product" m_connection="" module="ynresphoenix" is_controller="0" is_block="1" is_active="1" />
		<component module_id="ynresphoenix" component="photo" m_connection="" module="ynresphoenix" is_controller="0" is_block="1" is_active="1" />
		<component module_id="ynresphoenix" component="testimonial" m_connection="" module="ynresphoenix" is_controller="0" is_block="1" is_active="1" />
	</components>
	<phrases>
		<phrase var_name="setting_enable_fix_menu" added="1540371850"><![CDATA[<title>Do you want to fix menu position when users scroll the browser?</title><info>If yes then the menu will be fixed position.</info>]]></phrase>
		<phrase var_name="module_ynresphoenix" added="1540371850">Responsive Phoenix Template</phrase>
		<phrase var_name="translate_module_ynresphoenix" added="1540371850">Responsive Phoenix Template</phrase>
		<phrase var_name="maximum_64_characters" added="1540371850">Maximum 64 characters</phrase>
		<phrase var_name="maximum_512_characters" added="1540371850">Maximum 512 characters</phrase>
		<phrase var_name="maximum_220_characters" added="1540371850">Maximum 220 characters</phrase>
		<phrase var_name="menu_ynresphoenix_dashboard_3ed72c76938355471fa6e9ca6f3e8296" added="1540371850">Dashboard</phrase>
		<phrase var_name="home" added="1540371850">Home</phrase>
		<phrase var_name="home_l" added="1540371850">Home</phrase>
		<phrase var_name="member_l" added="1540371850">Member</phrase>
		<phrase var_name="testimonial_l" added="1540371850">Testimonial</phrase>
		<phrase var_name="product_l" added="1540371850">Product</phrase>
		<phrase var_name="photo_l" added="1540371850">Photo</phrase>
		<phrase var_name="contact_l" added="1540371850">Contact</phrase>
		<phrase var_name="about_us" added="1540371850">About Us</phrase>
		<phrase var_name="team_members" added="1540371850">Team Members</phrase>
		<phrase var_name="feature_products" added="1540371850">Feature Products</phrase>
		<phrase var_name="our_clients" added="1540371850">Our Clients</phrase>
		<phrase var_name="statistics" added="1540371850">Statistics</phrase>
		<phrase var_name="why_you_choose_us" added="1540371850">Why You Choose Us</phrase>
		<phrase var_name="testimonials" added="1540371850">Testimonials</phrase>
		<phrase var_name="photo_galleries" added="1540371850">Photo Galleries</phrase>
		<phrase var_name="blogs" added="1540371850">Blogs</phrase>
		<phrase var_name="contact_us" added="1540371850">Contact Us</phrase>
		<phrase var_name="admin_menu_manage_pages" added="1540371850">Manage Pages</phrase>
		<phrase var_name="admin_menu_homepage" added="1540371850">Homepage</phrase>
		<phrase var_name="admin_menu_introduction_page" added="1540371850">Introduction Page</phrase>
		<phrase var_name="admin_menu_client_page" added="1540371850">Client Page</phrase>
		<phrase var_name="admin_menu_statistic_page" added="1540371850">Statistic Page</phrase>
		<phrase var_name="admin_menu_reason_to_choose_page" added="1540371850">Reason To Choose Page</phrase>
		<phrase var_name="admin_menu_testimonial_page" added="1540371850">Testimonial Page</phrase>
		<phrase var_name="admin_menu_blog_page" added="1540371850">Blog Page</phrase>
		<phrase var_name="admin_menu_contact_page" added="1540371850">Contact Page</phrase>
		<phrase var_name="pages" added="1540371850">Pages</phrase>
		<phrase var_name="active" added="1540371850">Active</phrase>
		<phrase var_name="title" added="1540371850">Title</phrase>
		<phrase var_name="icon" added="1540371850">Icon</phrase>
		<phrase var_name="manage" added="1540371850">Manage</phrase>
		<phrase var_name="settings" added="1540371850">Settings</phrase>
		<phrase var_name="reset_default_settings" added="1540371850">Reset Default Settings</phrase>
		<phrase var_name="deactivate" added="1540371850">Deactivate</phrase>
		<phrase var_name="activate" added="1540371850">Activate</phrase>
		<phrase var_name="no_pages_found" added="1540371850">No pages found.</phrase>
		<phrase var_name="homepage_settings" added="1540371850">Homepage Settings</phrase>
		<phrase var_name="background_image" added="1540371850">Background Image</phrase>
		<phrase var_name="you_can_upload_a_jpg_gif_or_png_file" added="1540371850">You can upload a JPG, GIF or PNG file.</phrase>
		<phrase var_name="you_should_upload_photos_with_size_of_about_size_in_order_to_get_the_best_layout" added="1540371850">You should upload photos with size of about {size} in order to get the best layout.</phrase>
		<phrase var_name="description" added="1540371850">Description</phrase>
		<phrase var_name="maximum_limit_characters" added="1540371850">Maximum {limit} characters.</phrase>
		<phrase var_name="text_on_button" added="1540371850">Text on button</phrase>
		<phrase var_name="link" added="1540371850">Link</phrase>
		<phrase var_name="social_connect" added="1540371850">Social Connect</phrase>
		<phrase var_name="text" added="1540371850">Text</phrase>
		<phrase var_name="facebook" added="1540371850">Facebook</phrase>
		<phrase var_name="twitter" added="1540371850">Twitter</phrase>
		<phrase var_name="google" added="1540371850">Google+</phrase>
		<phrase var_name="hover_icon" added="1540371850">Hover Icon</phrase>
		<phrase var_name="submit" added="1540371850">Submit</phrase>
		<phrase var_name="view_sample_layout" added="1540371850">View Sample Layout</phrase>
		<phrase var_name="invalid_params" added="1540371850">Invalid Params</phrase>
		<phrase var_name="please_select_an_image_to_upload" added="1540371850">Please select an image to upload</phrase>
		<phrase var_name="Please select an image to upload" added="1540371850" />
		<phrase var_name="settings_updated_successfully" added="1540371850">Settings updated successfully</phrase>
		<phrase var_name="home_description" added="1540371850">The ideal template for product platform. You can build your own template simply by all settings in AdminCP. Especially, the template is design to be user-friendly and flexible with many blocks to enable you to...</phrase>
		<phrase var_name="view_more" added="1540371850">View More</phrase>
		<phrase var_name="business_template" added="1540371850">Business Template</phrase>
		<phrase var_name="reset_default_successfully" added="1540371850">Reset to default setting sucessfully</phrase>
		<phrase var_name="something_went_wrong" added="1540371850">Something went wrong, please try again!</phrase>
		<phrase var_name="phone_l" added="1540371850">Phone</phrase>
		<phrase var_name="fax_l" added="1540371850">Fax</phrase>
		<phrase var_name="email_l" added="1540371850">Email</phrase>
		<phrase var_name="address_l" added="1540371850">Address</phrase>
		<phrase var_name="zip_code" added="1540371850">Zip code</phrase>
		<phrase var_name="add" added="1540371850">Add</phrase>
		<phrase var_name="please_enter_location" added="1540371850">Please enter location</phrase>
		<phrase var_name="please_enter_a_valid_url_for_example_http_example_com" added="1540371850">Please enter a valid url, for example http://example.com</phrase>
		<phrase var_name="please_enter_a_valid_email_address" added="1540371850">Please enter a valid email address</phrase>
		<phrase var_name="please_enter_a_valid_youtube_link" added="1540371850">Please enter a valid youtube link</phrase>
		<phrase var_name="view_map" added="1540371850">View Map</phrase>
		<phrase var_name="admin_menu_member_page" added="1540371850">Member Page</phrase>
		<phrase var_name="admin_menu_product_page" added="1540371850">Product Page</phrase>
		<phrase var_name="admin_menu_photo_gallery_page" added="1540371850">Photo Gallery Page</phrase>
		<phrase var_name="open_link_in_new_tab" added="1540371850">Open link in new tab</phrase>
		<phrase var_name="Successfully set main photo for this product" added="1540371850" />
		<phrase var_name="Follow us" added="1540371850" />
		<phrase var_name="Contact Details" added="1540371850" />
		<phrase var_name="Zip Code" added="1540371850" />
		<phrase var_name="Contact Information" added="1540371850" />
		<phrase var_name="Member Details" added="1540371850" />
		<phrase var_name="Gallery Details" added="1540371850" />
		<phrase var_name="You can upload maximum" added="1540371850" />
		<phrase var_name="No photos found." added="1540371850" />
		<phrase var_name="Product Details" added="1540371850" />
		<phrase var_name="Discount price" added="1540371850" />
		<phrase var_name="Product link" added="1540371850" />
		<phrase var_name="Add more photos" added="1540371850" />
		<phrase var_name="Testimonial Details" added="1540371850" />
		<phrase var_name="User Position" added="1540371850" />
		<phrase var_name="User Image" added="1540371850" />
		<phrase var_name="Contacts" added="1540371850" />
		<phrase var_name="Add Contact" added="1540371850" />
		<phrase var_name="You can go to Manage Pages page" added="1540371850" />
		<phrase var_name="Settings to configure settings for this page" added="1540371850" />
		<phrase var_name="No contacts found." added="1540371850" />
		<phrase var_name="Members" added="1540371850" />
		<phrase var_name="Add Member" added="1540371850" />
		<phrase var_name="Member Name" added="1540371850" />
		<phrase var_name="Member Position" added="1540371850" />
		<phrase var_name="You can have maximum 8 members" added="1540371850" />
		<phrase var_name="No members found." added="1540371850" />
		<phrase var_name="Photos Gallery" added="1540371850" />
		<phrase var_name="Add Gallery" added="1540371850" />
		<phrase var_name="Number of photo" added="1540371850" />
		<phrase var_name="Gallery title" added="1540371850" />
		<phrase var_name="You can have maximum 8 galleries" added="1540371850" />
		<phrase var_name="No galleries found." added="1540371850" />
		<phrase var_name="Products" added="1540371850" />
		<phrase var_name="Add Product" added="1540371850" />
		<phrase var_name="You can have maximum 10 products" added="1540371850" />
		<phrase var_name="No products found." added="1540371850" />
		<phrase var_name="Add Testimonial" added="1540371850" />
		<phrase var_name="You can have maximum 5 testimonials" added="1540371850" />
		<phrase var_name="No testimonials found." added="1540371850" />
		<phrase var_name="Show Map" added="1540371850" />
		<phrase var_name="Main Photo" added="1540371850" />
		<phrase var_name="Homepage Details" added="1540371850" />
		<phrase var_name="Add Photos to homepage slider" added="1540371850" />
		<phrase var_name="Title will be shown when hover over icon at homepage and in detail of block" added="1540371850" />
		<phrase var_name="Enter a location" added="1540371850" />
		<phrase var_name="Delete this photo" added="1540371850" />
		<phrase var_name="Are you sure to delete this photo?" added="1540371850" />
		<phrase var_name="Enter photo caption" added="1540371850" />
		<phrase var_name="Are you sure you want to delete this blog?" added="1540371850" />
		<phrase var_name="Delete Selected" added="1540371850" />
		<phrase var_name="Are you sure you want to delete this member?" added="1540371850" />
		<phrase var_name="Are you sure you want to delete this gallery?" added="1540371850" />
		<phrase var_name="Are you sure you want to delete this reason?" added="1540371850" />
		<phrase var_name="Are you sure you want to delete this testimonial?" added="1540371850" />
		<phrase var_name="Photo successfully deleted" added="1540371850" />
		<phrase var_name="Item successfully updated" added="1540371850" />
		<phrase var_name="Item successfully added" added="1540371850" />
		<phrase var_name="Manage Items" added="1540371850" />
		<phrase var_name="Photos successfully upload" added="1540371850" />
		<phrase var_name="Items successfully deleted" added="1540371850" />
		<phrase var_name="Item successfully deleted" added="1540371850" />
		<phrase var_name="is required" added="1540371850" />
		<phrase var_name="Address title cannot be empty" added="1540371850" />
		<phrase var_name="Address is required" added="1540371850" />
		<phrase var_name="You can only have maximum 40 members" added="1540371850" />
		<phrase var_name="Name cannot be empty" added="1540371850" />
		<phrase var_name="Photo of member is required" added="1540371850" />
		<phrase var_name="You can only have maximum 8 galleries" added="1540371850" />
		<phrase var_name="Photo of gallery is required" added="1540371850" />
		<phrase var_name="You can only have maximum 10 products" added="1540371850" />
		<phrase var_name="You can only have maximum 5 testimonials" added="1540371850" />
		<phrase var_name="Position" added="1540371850" />
		<phrase var_name="Settings updated successfully" added="1540371850" />
		<phrase var_name="Caption updated successfully" added="1540371850" />
		<phrase var_name="Caption updated failed, please try again" added="1540371850" />
		<phrase var_name="no_phrase" added="1540371850"> </phrase>
	</phrases>
</module>