{
    "setting_enable_fix_menu": "<title>Do you want to fix menu position when users scroll the browser?<\/title><info>If yes then the menu will be fixed position.<\/info>",
    "module_ynresphoenix": "Responsive Phoenix Template",
    "translate_module_ynresphoenix": "Responsive Phoenix Template",
    "maximum_64_characters": "Maximum 64 characters",
    "maximum_512_characters": "Maximum 512 characters",
    "maximum_220_characters": "Maximum 220 characters",
    "menu_ynresphoenix_dashboard_3ed72c76938355471fa6e9ca6f3e8296": "Dashboard",
    "home": "Home",
    "home_l": "Home",
    "member_l": "Member",
    "testimonial_l": "Testimonial",
    "product_l": "Product",
    "photo_l": "Photo",
    "contact_l": "Contact",
    "about_us": "About Us",
    "team_members": "Team Members",
    "feature_products": "Feature Products",
    "our_clients": "Our Clients",
    "statistics": "Statistics",
    "why_you_choose_us": "Why You Choose Us",
    "testimonials": "Testimonials",
    "photo_galleries": "Photo Galleries",
    "blogs": "Blogs",
    "contact_us": "Contact Us",
    "admin_menu_manage_pages": "Manage Pages",
    "admin_menu_homepage": "Homepage",
    "admin_menu_introduction_page": "Introduction Page",
    "admin_menu_client_page": "Client Page",
    "admin_menu_statistic_page": "Statistic Page",
    "admin_menu_reason_to_choose_page": "Reason To Choose Page",
    "admin_menu_testimonial_page": "Testimonial Page",
    "admin_menu_blog_page": "Blog Page",
    "admin_menu_contact_page": "Contact Page",
    "pages": "Pages",
    "active": "Active",
    "title": "Title",
    "icon": "Icon",
    "manage": "Manage",
    "settings": "Settings",
    "reset_default_settings": "Reset Default Settings",
    "deactivate": "Deactivate",
    "activate": "Activate",
    "no_pages_found": "No pages found.",
    "homepage_settings": "Homepage Settings",
    "background_image": "Background Image",
    "you_can_upload_a_jpg_gif_or_png_file": "You can upload a JPG, GIF or PNG file.",
    "you_should_upload_photos_with_size_of_about_size_in_order_to_get_the_best_layout": "You should upload photos with size of about {size} in order to get the best layout.",
    "description": "Description",
    "maximum_limit_characters": "Maximum {limit} characters.",
    "text_on_button": "Text on button",
    "link": "Link",
    "social_connect": "Social Connect",
    "text": "Text",
    "facebook": "Facebook",
    "twitter": "Twitter",
    "google": "Google+",
    "hover_icon": "Hover Icon",
    "submit": "Submit",
    "view_sample_layout": "View Sample Layout",
    "invalid_params": "Invalid Params",
    "please_select_an_image_to_upload": "Please select an image to upload",
    "Please select an image to upload": "",
    "settings_updated_successfully": "Settings updated successfully",
    "home_description": "The ideal template for product platform. You can build your own template simply by all settings in AdminCP. Especially, the template is design to be user-friendly and flexible with many blocks to enable you to...",
    "view_more": "View More",
    "business_template" : "Business Template",
    "reset_default_successfully" : "Reset to default setting sucessfully",
    "something_went_wrong": "Something went wrong, please try again!",
    "phone_l": "Phone",
    "fax_l": "Fax",
    "email_l": "Email",
    "address_l": "Address",
    "zip_code": "Zip code",
    "add": "Add",
    "please_enter_location": "Please enter location",
    "please_enter_a_valid_url_for_example_http_example_com": "Please enter a valid url, for example http:\/\/example.com",
    "please_enter_a_valid_email_address": "Please enter a valid email address",
    "please_enter_a_valid_youtube_link": "Please enter a valid youtube link",
    "view_map": "View Map",
    "admin_menu_member_page": "Member Page",
    "admin_menu_product_page": "Product Page",
    "admin_menu_photo_gallery_page": "Photo Gallery Page",
    "open_link_in_new_tab": "Open link in new tab",
    "Successfully set main photo for this product": "",
    "Follow us": "",
    "Contact Details": "",
    "Zip Code": "",
    "Contact Information": "",
    "Member Details": "",
    "Gallery Details": "",
    "You can upload maximum": "",
    "No photos found.": "",
    "Product Details": "",
    "Discount price": "",
    "Product link": "",
    "Add more photos": "",
    "Testimonial Details": "",
    "User Position": "",
    "User Image": "",
    "Contacts": "",
    "Add Contact": "",
    "You can go to Manage Pages page": "",
    "Settings to configure settings for this page": "",
    "No contacts found.": "",
    "Members": "",
    "Add Member": "",
    "Member Name": "",
    "Member Position": "",
    "You can have maximum 8 members": "",
    "No members found.": "",
    "Photos Gallery": "",
    "Add Gallery": "",
    "Number of photo": "",
    "Gallery title": "",
    "You can have maximum 8 galleries": "",
    "No galleries found.": "",
    "Products": "",
    "Add Product": "",
    "You can have maximum 10 products": "",
    "No products found.": "",
    "Add Testimonial": "",
    "You can have maximum 5 testimonials": "",
    "No testimonials found.": "",
    "Show Map": "",
    "Main Photo": "",
    "Homepage Details": "",
    "Add Photos to homepage slider": "",
    "Title will be shown when hover over icon at homepage and in detail of block": "",
    "Enter a location": "",
    "Delete this photo": "",
    "Are you sure to delete this photo?": "",
    "Enter photo caption": "",
    "Are you sure you want to delete this blog?": "",
    "Delete Selected": "",
    "Are you sure you want to delete this member?": "",
    "Are you sure you want to delete this gallery?": "",
    "Are you sure you want to delete this reason?": "",
    "Are you sure you want to delete this testimonial?": "",
    "Photo successfully deleted": "",
    "Item successfully updated": "",
    "Item successfully added": "",
    "Manage Items": "",
    "Photos successfully upload": "",
    "Items successfully deleted": "",
    "Item successfully deleted": "",
    "is required": "",
    "Address title cannot be empty": "",
    "Address is required": "",
    "You can only have maximum 40 members": "",
    "Name cannot be empty": "",
    "Photo of member is required": "",
    "You can only have maximum 8 galleries": "",
    "Photo of gallery is required": "",
    "You can only have maximum 10 products": "",
    "You can only have maximum 5 testimonials": "",
    "Position": "",
    "Settings updated successfully": "",
    "Caption updated successfully": "",
    "Caption updated failed, please try again": "",
    "no_phrase": " "
}